{"cameraMode":{"drawMode":0,"name":"Shaded","section":"Shading Mode"},"sceneLighting":false,"audioPlay":false,"sceneViewState":{"m_AlwaysRefresh":false,"showFog":true,"showSkybox":false,"showFlares":true,"showImageEffects":true,"showParticleSystems":true,"showVisualEffectGraphs":true,"m_FxEnabled":true},"in2DMode":false,"pivot":{"x":1.0000004768371583,"y":-0.5000001192092896,"z":-1.1920928955078126e-7},"rotation":{"x":0.0014999385457485915,"y":-0.008999868296086789,"z":0.000013499814485840034,"w":0.999958336353302},"size":13.022601127624512,"orthographic":true}