{"cameraMode":{"drawMode":0,"name":"Shaded","section":"Shading Mode"},"sceneLighting":false,"audioPlay":false,"sceneViewState":{"m_AlwaysRefresh":false,"showFog":true,"showSkybox":false,"showFlares":true,"showImageEffects":true,"showParticleSystems":true,"showVisualEffectGraphs":true,"m_FxEnabled":true},"in2DMode":false,"pivot":{"x":0.22691798210144044,"y":-2.0085532665252687,"z":-2.384185791015625e-7},"rotation":{"x":0.06645820289850235,"y":0.9270903468132019,"z":-0.31134912371635439,"w":0.19788911938667298},"size":4.17607307434082,"orthographic":false}