{"cameraMode":{"drawMode":0,"name":"Shaded","section":"Shading Mode"},"sceneLighting":false,"audioPlay":false,"sceneViewState":{"m_AlwaysRefresh":false,"showFog":true,"showSkybox":false,"showFlares":true,"showImageEffects":true,"showParticleSystems":true,"showVisualEffectGraphs":true,"m_FxEnabled":true},"in2DMode":false,"pivot":{"x":0.01733875274658203,"y":-0.14139193296432496,"z":-0.8552474975585938},"rotation":{"x":0.05241519212722778,"y":-0.4422946274280548,"z":0.025903794914484025,"w":0.8949628472328186},"size":2.157776117324829,"orthographic":false}